Name;Titel;Schulkennzahl
Kip Harnett;DI Dr;404427
Baillie Alpine;DI;413447
Elnore Fetherstone;MMag;411016
Rickard Bencher;Mag DI;411016
Lewes Romanin;Mag;410427
Barton McTeague;Dr;401467
Davey Gould;DI Dr;401467
Florencia Howarth;Mag DI;403457
Bearnard Elner;DI;410457
Sacha Simmings;MMag;411457
Bryon Lyburn;DI;403457
Daniela Golsthorp;MMag;414437
Simone Rubberts;Mag DI;408427
Lian Corcoran;MMag;412477
Demetris Mapston;DI Dr;414437
Sholom Van Cassel;MMag;412026
Karissa Antao;Mag DI;416016
Noreen Devonish;Mag;410427
Sadye Dudgeon;DI Dr;403427
Terrie Mattis;Mag;403457
Isabelle Sproson;MMag;402417
Beth Kemshell;DI Dr;409036
Rodolfo Thomsson;MMag;411457
Loretta Lyle;MMag;410457
Gallard MacGuiness;MMag;417427
Lewes Chesshyre;Mag;409036
Patty Raselles;Dr;410457
Ruddy Loughead;MMag;407417
Junia Stern;Mag DI;401046
Jobie Jakobssen;DI Dr;412026
Kelsy Devil;DI;408016
Kirsten Denington;DI Dr;410427
Gerti Hirche;Dr;411016
Maribeth Yerrall;DI;402417
Hillie Frankton;MMag;410427
Jeramie Confort;Mag;403457
Port Jennaway;DI Dr;413417
Woodman Rofe;MMag;413447
Svend Vaen;Dr;401417
Filippo Killwick;Dr;413417
Stevana Hudspith;MMag;410457
Amory Alywen;Mag;408427
Kirsten Innes;MMag;417427
Corny Lightowler;Dr;410427
Lory Bartkiewicz;MMag;413417
Anny Bugg;DI Dr;412477
Milt Vinau;DI;403427
Nadya Pottell;Dr;401467
Clarey Yerby;DI Dr;413417
Barris Warrillow;Mag;407417
Son Harfleet;MMag;411457
Clevey McAughtrie;DI Dr;407417
Alta Quinnette;DI Dr;401467
Waylon Wavish;MMag;412026
Leontine McDaid;Dr;416016
Gil Ivashkin;DI;401417
Heloise Inchbald;Mag;411016
Brandy de Courcey;DI;416016
Antonella Boots;DI Dr;412026
Oona Kildea;DI;412026
Lefty Lavalde;Mag;401417
Corey Folca;Mag DI;402417
Spenser Roder;Mag DI;409036
Marga Hess;DI Dr;407417
Davine Pomfrey;DI Dr;401417
Martica Dawidowsky;Dr;401417
Gert Dansken;DI Dr;411457
Frants Martelet;Mag;401046
Pietro Tant;MMag;417427
Rahel Tinwell;Mag DI;404427
Tito Beatey;DI Dr;413417
Hamil Deesly;DI Dr;407417
Laurella Darch;Dr;407417
Blayne Southey;DI Dr;407417
Eleen Moloney;DI Dr;408016
Cris Maasz;DI;410457
Dal Biesterfeld;Mag;401417
Patty Smurfitt;Mag;401046
Vinni Guilloux;DI Dr;401467
Anissa Allbut;DI Dr;402417
Goddard Issac;Mag DI;413447
Gaylene Morrel;Dr;412026
Nadia Bundock;DI Dr;402417
Florinda Aylwin;MMag;417427
Estrellita Pitchers;Dr;411016
Milzie Alty;Dr;408016
Hillary Folley;DI Dr;413447
Laureen Cadore;Mag;412477
Mohandas Derrell;Mag;414437
Alvina Hayman;Mag DI;401417
Camille Sandal;Mag DI;411457
Cob Bellhouse;MMag;416016
Carie Boerderman;Mag DI;414437
Dalt Coghlin;DI Dr;410457
Anders Bessell;Dr;412477
Marget Dombrell;DI Dr;412026
Ernst Allflatt;Mag;413447
Rudolf Southcott;Mag;408427
Lucas Casillas;MMag;412477
Nancie Gymblett;Mag;412026
Johnath Ratazzi;Mag DI;407417
Darice Lewsley;Mag;407417
Claudetta Lynskey;DI;403427
Giulio Pitcher;Dr;417427
Kynthia Yonge;MMag;403427
Gottfried Groarty;DI Dr;413417
Bernardo Jenik;DI Dr;403457
Darice Derycot;Mag;413447
Payton Juza;MMag;407417
Wallis Lamden;MMag;401046
Mord Lansley;Mag;403457
Eustacia Kinnen;DI Dr;411016
Maria Valero;MMag;410427
Emilee Poyle;Mag DI;412477
Paolina Slimme;MMag;408016
Amandy Mangion;Mag DI;403427
Kandace Crowson;DI Dr;409036
Erminia Tunney;MMag;411457
Lev Tidcombe;MMag;403457
Theodore Duckitt;DI;411457
Noelle Stening;Mag;417427
Kent Elbourne;Mag DI;402417
Berty Keenor;Mag DI;408427
Melloney O'Fallowne;MMag;404427
Lalo Petren;Mag DI;414437
Lulu Lawley;DI;401046
Addison Ritchman;Dr;401417
Moritz Swaile;MMag;413417
Nita Pappi;MMag;403427
Lila Muckeen;DI;409036
Libbi Meachen;DI Dr;401046
Saunders Bes;Mag;416016
Dion Cowton;Dr;412026
Elnar Storek;Mag;408016
Derward Spores;DI Dr;403427
Conrado Cockley;Dr;410457
Maryrose McGonigal;DI Dr;411016
Delcine Le Prevost;MMag;407417
Cherish Franzke;MMag;401417
Borg Bigglestone;Mag DI;412477
Lowell Bessom;Mag DI;407417
Aymer Lowndes;Mag DI;401046
Bruce Brankley;Mag DI;407417
Francyne Erwin;MMag;401417
Alwin Folks;DI;411016
Verla Newbold;DI;404427
Thacher Booth;Mag DI;408427
Robinette Raddish;DI Dr;402417
Babita Pocklington;Mag DI;410427
Ree Collar;Mag DI;407417
Richart Seaking;Mag;411457
Shanta Lodevick;Mag;408427
Dorette Skingle;DI Dr;401046
Alick Sutherley;Dr;411457
Lonni Cawsy;DI Dr;413417
Ibby Escala;DI Dr;408427
Felicity Dowd;MMag;412477
Pierce Basire;Mag DI;403457
Burk Millmore;Dr;413417
Aldridge Rysdale;MMag;402417
Mollee Ruslen;DI;417427
Tessa Massy;DI Dr;401467
Charo Josskowitz;Mag DI;410427
Mata Rumin;MMag;412026
Laney Aberchirder;Mag;413417
Felita Trays;Mag;412477
Cozmo Cobon;Mag DI;413417
Loise Frampton;DI;401417
Natty Allner;Mag;412477
Jany Rulten;MMag;407417
Verena Louys;DI;410427
Bobbette Grewe;Mag DI;413447
Celene Overstreet;MMag;403457
Tom Davidwitz;Dr;417427
Serene Ramm;Dr;408016
Oswell Goodlett;MMag;403457
Blake Hankard;Mag;413417
Nola Onge;MMag;409036
Hewett Saker;Dr;408016
Brannon McGeown;Dr;407417
Lurline Boatswain;Mag;401467
Konrad Haslum;MMag;407417
Munroe Ivanilov;Mag;414437
Burlie Antonescu;DI;410427
Sig Harborow;Dr;401467
Carita Billyard;DI;410427
Calli Skillen;DI Dr;412026
Vicki Rickarsey;DI;409036
Stephie Setford;DI Dr;411457
Fairleigh Snowling;Mag;412477
Hortensia Hazeup;DI Dr;401467
Fred Yepiskov;Mag DI;413417
Ricoriki Whyatt;Mag;404427
Caro Mees;Mag;408427
Nert Pitts;Mag DI;408016
Myra Cossons;MMag;408427
Brian Ackery;MMag;414437
Dorrie Netley;Mag;403427
Chance Benoit;Mag;407417
Milena Patshull;MMag;413417
Carmita Seston;MMag;401417
Edik Clitherow;MMag;401046
Erica Castilla;Dr;407417
Eugenio O' Faherty;MMag;403427
Carolyn Lindenman;MMag;413417
Pauli Barron;DI Dr;411457
Ruthe O'Gorman;Mag DI;407417
Allegra Sellstrom;DI;414437
Christos Regis;Mag DI;401046
Bess Weed;Mag DI;408427
Sandy Wyllcock;DI;412026
Jamaal Peevor;MMag;410457
Patin Brunet;Dr;401467
Grata Cereceres;DI Dr;413447
Lotti Hunnam;DI;408427
Ofella Kimmins;Dr;409036
Mendel Naris;DI Dr;403457
Brinn Joselevitch;MMag;413417
Arluene Torrans;Mag;403427
Isidoro Astell;MMag;408016
Minnnie Pechet;MMag;403457
Kariotta Leith-Harvey;Mag;414437
Isador Snailham;DI;411457
Filip Caddie;Mag;410427
Rolfe Dunks;Mag DI;401467
Verene Suffield;Mag DI;401046
Vachel Last;Mag DI;409036
Cosme Kennelly;Dr;416016
Giffard Covotto;DI;411016
Mendie Bartusek;Mag DI;407417
Lorenza Kevlin;Mag;408427
Amalita L'Hommee;Mag;404427
Isador Basezzi;Mag;412026
Demetre Sabberton;DI;417427
Leonard Duddell;Mag DI;408016
Gale Strelitz;DI;401046
Coleen Bleythin;Dr;401417
Lyssa Syder;DI;402417
Stillmann Linnard;DI;417427
Gene Turbefield;MMag;404427
Abby Eagle;MMag;403427
Letitia McNish;MMag;401467
Care Deelay;Mag DI;404427
Kym Leechman;MMag;412477
Devin Ferries;Mag DI;410457
Marcile Tavernor;Mag;409036
Alix Warricker;DI Dr;407417
Hildagarde Staveley;DI Dr;414437
Hayyim Gatrell;DI;411457
Justus Richichi;Mag DI;411016
Gay Sheehan;DI Dr;412026
Callean Antonetti;Dr;416016
Tish Abrashkin;DI Dr;410427
Ranee Krochmann;Mag;411457
Othelia Juggings;MMag;413447
Courtney O' Byrne;Mag DI;404427
Karisa Fraser;Mag;408427
Latashia Somes;MMag;414437
Geri Janca;DI;413447
Vikki O'Dunneen;DI Dr;409036
My Sorsbie;DI Dr;416016
Baxter Arran;Mag DI;411457
Ravi O'Neal;DI Dr;410427
Brook Oppy;Dr;417427
Dorisa Wilcott;MMag;401046
Howard Petken;Mag;409036
Artemas Jedrychowski;DI;414437
Auguste Vogt;DI;417427
Elbertina Skirven;Mag;413447
Marlene Cumes;Mag;408427
Beale Croad;DI Dr;408427
Letisha Aleksahkin;Mag;416016
Alyss Brunone;DI;409036
Flossi Baggallay;Mag DI;403457
Willi Maysor;Dr;409036
Giana Gloyens;MMag;408427
Skippie Jaynes;DI;416016
Goldy O'Currine;Dr;401467
Opalina Scatchar;Dr;417427
Jaquelin Pren;Mag;413447
Florrie Domesday;MMag;403427
Ettore Maffin;Dr;404427
Barn Clynman;Mag;402417
Jan Vern;DI;402417
Riannon Yarnley;Mag;404427
Silvie Leyman;Mag;417427
Randi Kinnier;DI;411016
Ferrell Sellar;Mag;410427
Benedick Morrant;Mag;408427
Rafi Mc Andrew;Dr;414437
Mair Streets;Mag DI;417427
Sammie Parres;Dr;403457
Sharia Videler;Mag DI;412026
Kaleb Williamson;MMag;413417
Olive Chilcott;Mag;410457
Tresa Weighell;Mag;401046
Ezechiel Potteridge;MMag;411457
Dyanna Camelli;MMag;417427
Kip Ivanets;Mag;408016
Fidel Skrine;DI;402417
Tedie McKag;Mag DI;413447
Lynn Succamore;MMag;410427
Agatha Jodlkowski;MMag;412026
Artus Ferrelli;MMag;404427
Claretta Galpen;DI Dr;408016
Vale Gosselin;Dr;417427
Saraann Wilsher;MMag;409036
Bili Vitte;Mag DI;413447
Maible de Marco;MMag;416016
Kristi Zorn;Mag DI;408016
Krystalle Kryska;DI;401467
Saul Johncey;Mag;411457
Tiffy Behnecke;Dr;401467
Sterne Waywell;Mag;411457
Anatole McSperrin;Dr;416016
Connie D'Oyly;MMag;410457
Romola Baume;DI;411016
Bevvy Newlove;Dr;413447
Antoine Clemmens;DI Dr;404427
Burty Wybern;Dr;411016
Ephrayim Puvia;Dr;407417
Arabelle Gerald;DI Dr;412026
Andie Le Gall;Dr;401417
Cointon Mallya;Mag;411457
Immanuel Spuffard;Dr;408427
Wash Gieraths;Mag;417427
Reta Ranstead;Dr;404427
Carlynne Crannach;DI Dr;411457
Cordy Smowton;DI Dr;417427
Rozalie Huckleby;Dr;412026
Harlen Klinck;MMag;402417
Amity Tayloe;Mag;416016
Hugues Greer;Mag DI;404427
Maiga Schimank;Mag;404427
Fayina Mongin;DI;409036
Isahella Clench;Mag;413417
Currey Windham;Mag DI;412477
Lenna Lear;Dr;416016
Hazlett Lowen;DI Dr;402417
Vernon O'Cannavan;DI;403457
Skylar Skyme;DI Dr;401046
Seumas Spurdens;Dr;411457
Reagen Mower;MMag;408016
Terrel Noyce;Dr;414437
Annalee Dmitrichenko;Mag DI;409036
Gran Barnewell;Mag;412477
Nichole Knibb;Mag DI;401467
Jacqui Kondrat;Mag;412026
Winifield Mewe;Mag;408016
Freedman Gladtbach;Dr;412477
Shepherd Trassler;MMag;408016
Verla Scourfield;DI Dr;408016
Wylma Godball;Dr;411457
Coop Pountney;Dr;404427
Xerxes Pentelow;DI Dr;410427
Ana Delgardillo;DI;402417
Antoni Hulse;DI;414437
Yolande Kembley;Dr;401417
Brett Borrill;MMag;413417
Madison Waller-Bridge;MMag;404427
Torin Edelheit;DI;412477
Wald Mallender;Dr;412477
Bevan Worters;DI;417427
Tailor Engledow;DI;401467
Lane Siggery;Mag;407417
Waldon Buttler;MMag;403457
Ulrica Blain;DI;414437
Jaimie Batham;DI;404427
Trixy Goodanew;DI Dr;413447
Hastie Willsmore;Mag;409036
Morgana O' Donohoe;DI;410427
Lonee Cran;Dr;411457
Koo Cowley;DI Dr;416016
Dennie Ivons;Dr;404427
Dario Londsdale;Dr;412026
Tish Kayzer;DI;417427
Hyatt Heck;DI;412026
Jessy Sheerman;Dr;413447
Grata Lingfoot;Mag;412477
Gearalt Birnie;DI Dr;401046
Perren Ghilardini;MMag;407417
Dennie Dahlbom;Mag;404427
Ebenezer Catton;Dr;412477
Hertha Pikett;Mag DI;408016
Cordie Gritsunov;DI;413417
Hermina Dorney;Mag DI;411457
Lanita Dunsire;MMag;409036
Marja Bigglestone;Mag DI;409036
Fina Figiovanni;DI;410427
Neddy Gladman;Mag DI;410457
Sheridan McDirmid;Dr;410427
Car Callard;Dr;412026
Suzy Olyfant;Dr;407417
Shirline Hamshar;DI Dr;401046
Ira Leadbeater;MMag;411457
Berke Diable;MMag;402417
Anderson Phayre;Dr;413417
Belia Tideswell;DI;414437
Dosi Fancet;Dr;409036
Johnath Sherrott;Mag;413417
Lawrence Bamblett;Mag;413447
Audre Larmett;Mag;407417
Ramona Franzelini;MMag;412477
Vite Astling;DI;401417
Jose Barroux;DI Dr;413417
Luce Duran;Mag DI;417427
Jillie Duffit;MMag;414437
Caterina Hawkings;Mag DI;404427
Corrianne Rumbold;MMag;414437
Frederico Cossey;MMag;413417
Cloe Sadler;Dr;410457
Galvin Antoniou;Dr;417427
Joyous Kingswood;Mag DI;410457
Justis Troup;DI Dr;411457
Marleen Ort;DI;408427
Aldon Biagioni;MMag;403457
Nollie Haggarth;Mag;413447
Fawn Jamblin;Dr;416016
Rudolfo Dormer;Dr;403457
Kristien Tunsley;Dr;407417
Odille Kingswoode;Mag;409036
Ad Greave;DI Dr;401046
Martyn Ezzy;Mag;414437
Penrod Clancey;Dr;411457
Jenny Mangon;Mag;407417
Giacopo Allbones;Mag;401467
George Straun;Mag;412477
Maisie Offiler;DI Dr;402417
Valentia Reeds;DI Dr;408016
Tarrance MacMearty;Mag DI;417427
Freddy Swires;DI;412477
Libbie Haddacks;Mag;411457
Constantino Lawlance;MMag;403427
Hirsch Shama;Mag;403427
Lorelle Orrom;Mag;407417
Bobette Ferraresi;Mag DI;416016
Maje Pettecrew;Mag DI;403457
Bennett Naile;Dr;416016
Cristiano Forde;Mag;403427
Joline Shugg;Dr;404427
Tammie Rawsthorn;DI;411016
Sayre Skae;DI;411457
Ninon Hanscome;MMag;401467
Aldridge Mattioli;DI Dr;412477
Frazier Rasher;MMag;404427
Alisa Zellick;DI Dr;414437
Inigo Gyorffy;MMag;411457
Rosalind Wardel;Dr;413417
Hallie Keslake;Mag;414437
Burr Callcott;Mag DI;403457
Terri O' Gara;Dr;411016
Minda Fullstone;DI;411457
Talia Stonard;DI;410457
Briney Niesing;Mag DI;404427
Libbey Frean;Dr;401417
Benoite Cusack;DI Dr;401417
Park Regorz;Mag;401417
Vikki Josupeit;Mag;401467
Eba Castellaccio;MMag;407417
Michell Huckleby;DI;403457
Arch Lemasney;Dr;401417
Archambault Jelks;DI;408427
Butch Haly;MMag;401046
Anatol Gemlett;DI Dr;413447
Iolanthe Nelles;DI Dr;416016
Tomlin Billin;MMag;411457
Robyn Ewbach;Mag DI;413447
Jon Schrader;DI;401467
Catherin Revington;Mag DI;410457
Doll Gove;DI Dr;401046
Stanly Librey;Dr;401046
Benita Brearley;MMag;412026
Inger Proudley;DI Dr;408016
Marna Pilipyak;DI Dr;410457
Elwira Minker;DI Dr;414437
Thorsten Samways;MMag;404427
Magnum Scading;DI;416016
Devi Dillinger;MMag;404427
Danit Peiser;Mag;408427
Hugues Phette;Dr;407417
Ab Aime;Dr;416016
Aguistin Skewis;Mag;408016
Caria Ovill;MMag;412026
Ange Sayton;Mag DI;411457
Jillayne Hendren;MMag;404427
Wiatt Freegard;Mag DI;412026
Obadiah Dosdale;Mag DI;403427
Maryann Dewey;MMag;410457
Hyacinthia Durrett;Mag DI;403427
Kellie McCleod;Dr;414437
Caleb Verey;MMag;412477
Vernen Sprouls;Dr;416016
Hugibert Cotterill;DI;412026
Elsbeth Smeeton;DI;403457
Suellen Berge;Dr;401046
Maxwell Secombe;Mag DI;412477
Olympia Mottley;Mag;402417
Bord Coleyshaw;DI;413447
Denny Iacofo;Mag DI;410427
Jobina Gianulli;DI;407417
Ferris Petchey;Mag;401046
Damian Kirkup;Mag;412477
Nicoli Volke;Mag DI;410427
Melly Curtayne;MMag;417427
Vinny Ixor;DI;402417
Kimmi Astley;Mag DI;416016
Paolina Cluney;MMag;403427
Kassandra Shillington;Mag;403457
Ebonee Squelch;DI;414437
Annemarie Verdie;Mag;414437
Lara Jennison;MMag;402417
Kelli Curds;Mag;408016
Tessie Raunds;DI Dr;408427
Lexy Watkiss;DI Dr;410457
Aprilette Gain;Dr;404427
Neddy Summers;Mag DI;410427
Maurene Truitt;Dr;416016
Sherman O'Hartnedy;Mag;410427
Gilbertine de Savery;Mag;412477
Field Harburtson;Mag;412477
Trisha Iacapucci;MMag;408427
Hazel Bullent;DI;411016
Issie Moyce;Mag DI;407417
Rutger Jessop;DI;413447
Alix Kochlin;DI Dr;413447
Mildred Begbie;Mag;412026
Ailina Kirk;MMag;414437
Kristien Kamen;MMag;401467
Maynard Dechelette;DI Dr;411016
Dav Gieves;DI Dr;408016
Yankee Noke;Mag DI;408427
Carie Crosfield;DI Dr;413447
Rita Trice;MMag;403457
Andrew Covert;Mag;401467
Eadith Cobley;DI;408016
Merell Pude;Mag DI;401467
Gilemette Klimko;Mag DI;413417
Carlyle Hanley;DI Dr;401046
Steffane Abadam;MMag;409036
Vicki Mcsarry;Mag;403427
Timmy Acton;MMag;402417
Tove Fould;DI Dr;402417
Alfonse Reoch;DI Dr;411016
Karylin Bernon;DI;414437
Noell Ruter;Mag;414437
Towney Eldershaw;Dr;408427
Leda Tuerena;Mag DI;416016
Duncan Laneham;Dr;408427
Wileen Enrrico;MMag;412477
Jami Leas;DI Dr;401046
Lombard Truckett;Mag DI;417427
Roderigo Matteotti;MMag;411457
Sheba Spens;Mag DI;408016
Fiona Purveys;Dr;410427
Giorgio Terrelly;MMag;413447
Daphene Minihane;Dr;412026
Bird Dufoure;Mag;412477
Seana Spick;DI Dr;408016
Arluene Bapty;Dr;401417
Shalne Hillett;Mag;411016
Sheena Krink;Mag;401046
Layton Pudney;Mag;407417
Sumner Dallewater;Mag DI;407417
Clay Muggleton;MMag;402417
Joleen Morant;DI Dr;411016
Michael Strewther;Mag;410427
Franklyn Kiely;DI;412026
Jaclyn Massingberd;Mag DI;407417
Lillian Ollarenshaw;Mag DI;407417
Frederico Sawkins;DI;411457
Mead Loiterton;Dr;403427
Tedi Ablewhite;Dr;417427
Doralynn Ramelot;Mag DI;412477
Gayle Reyes;Mag DI;413417
Keene Matthews;Dr;411457
Bambi Meecher;DI Dr;411016
Carmelia Waddingham;MMag;413447
Winne Rabbitts;Mag;409036
Drud Simonnin;Mag;401046
Arleyne Gillam;DI Dr;401417
Xenia Allwood;Mag DI;413417
Hakim Jesson;Mag;410457
Vi Hassall;MMag;410457
Sharon MacClay;Mag DI;408016
Osmond Stennings;Dr;417427
Leoine McKernan;Dr;408427
Carolus Harner;Mag;409036
Wyn Parsell;Mag DI;411016
Brenn Gillooly;Mag DI;412026
Dougy Thomsen;DI;410457
Dagmar Makinson;MMag;414437
Etty Scougal;Dr;409036
Ave Pettyfar;DI;413447
Petr Ruane;DI;401417
Bastien Fibbings;MMag;411016
Moira Golden of Ireland;MMag;401046
Betty Brownhill;Mag;401467
Teddi Carncross;Mag DI;408427
Corenda Phifer;Mag DI;409036
Cherilyn Codlin;Dr;414437
Blakelee Canadine;Dr;408016
Marnia Druhan;Mag;408016
Renado Debill;Mag;401467
Perl Borrowman;DI;411457
Calv Reubel;DI Dr;403427
Tobie Krolak;Mag;411016
Matilde Bartoleyn;DI Dr;412026
Alena Sprionghall;DI;412026
Vitia Pratley;Mag DI;401417
Nicolina Mawditt;Dr;402417
Joseph Shelsher;DI;414437
Lorna Brattan;DI Dr;412026
Velvet Daniell;Mag DI;410427
Julia Bartke;DI Dr;403427
Britney Paty;MMag;411016
Kessia Goldes;Mag;413447
Alika Speek;DI;401417
Trixie Lambertson;Dr;409036
Adina Angerstein;Dr;417427
Car Edgeon;Dr;404427
Manon Giacopello;Mag DI;401417
Jarrad Geck;Mag;416016
Gabbie Belward;Mag DI;408016
Hadleigh Bowry;Dr;410427
Lief Langer;Mag;413417
Vilhelmina Highman;Mag DI;412026
Marijn Winney;Mag;403457
Tymon Blitzer;Mag;403427
Bradford Jovicic;Dr;414437
Allina Beumant;MMag;417427
Filmer Abramino;DI;408427
Tate Kenewell;Mag;411016
Mabel Sturgis;Mag;408427
Tabbitha Paterson;Dr;417427
Granny Sedgmond;Dr;411016
Allianora Schach;DI;413447
Ambur Leopard;Mag;411457
Brendon Lendrem;DI Dr;402417
Eilis Standrin;Mag;411016
Alfredo Strangeway;Mag DI;401417
Sheffie Digg;Dr;410427
Ebenezer Goodall;DI;416016
Nessie Myrick;DI;417427
Randolf Gribbin;Dr;411457
Cristi Ganter;DI Dr;410457
Merline Styche;DI Dr;412477
Vilhelmina Abramchik;Mag DI;408016
Sean MacLeese;DI Dr;412026
Gottfried Haxby;DI Dr;416016
Justen Willshire;MMag;410427
Kirstin Bindley;DI Dr;410427
Adrien Keighley;DI Dr;404427
Raimund Klemps;DI Dr;408016
Phedra Whieldon;MMag;413417
Joanne Dreelan;DI Dr;412026
Kerrie Foffano;Mag;409036
Heath Willmett;Mag DI;417427
Duane Casa;Mag DI;401467
Liane Storrar;DI;401417
Theo Soitoux;Dr;416016
Shelagh McGillreich;MMag;403457
Sasha Oakshott;Mag;410457
Lemar Cabrara;DI Dr;401467
Riccardo Illes;DI;413447
Toddie Chrispin;DI;402417
Kiele Crisell;DI Dr;409036
Karee Denham;Mag DI;413447
Flor Poulston;DI;410457
Newton Float;DI Dr;417427
Delano Copland;DI;413447
Edan Nevinson;DI Dr;411457
Robinia Dalgleish;Dr;411016
Dino Dowzell;DI;408427
Eugenius Killgus;Mag;403427
Judi Olyet;Mag DI;401046
Jenine Keming;Mag;412477
Killy Posselwhite;Mag DI;413417
Flinn Stapleton;Dr;417427
Stinky Showler;DI;412477
Demetrius MacDuffie;DI;404427
Gavan Wassung;Mag;401467
Packston Kubatsch;Dr;417427
Ronnica Friedman;DI Dr;401046
Gal Stockall;DI;413417
Minetta Rayhill;Dr;412026
Zsa zsa Burnhill;Mag;413447
Christel Philp;Dr;401417
Mersey Wellstood;Mag DI;401467
Sheila Colliar;Dr;407417
Hillery Heibel;Dr;410457
Octavius Prescote;Mag;410427
Hasty O' Cuolahan;MMag;410457
Josey Biermatowicz;Mag DI;416016
Devina Yurasov;DI;401046
Germaine Wehner;MMag;413447
Sloane Tremblett;DI Dr;412026
Kate Grimsdike;DI Dr;409036
Alon Onians;DI;409036
Gizela Nussgen;DI Dr;404427
Sibel MacMenamy;Dr;401046
